,XGB,RF,SVM,avg
Origin,0.8435025817555938,0.8829173838209983,0.526118760757315,0.7508462421113024
CTGAN,0.43502581755593805,0.45051635111876076,0.3784423407917384,0.42132816982214577
Selgan,0.47379518072289156,0.4618760757314974,0.45942340791738384,0.46503155479059094
octgan,0.3379948364888124,0.36699655765920824,0.4123063683304647,0.3724325874928284
VAE,0.6389414802065404,0.6327022375215147,0.5919104991394148,0.6211847389558233
