,XGB,RF,SVM,avg
Origin,22.800816590785054,16.261902000860566,108.05486516671938,49.039194586121674
CTGAN,78.05888775643248,78.8004615447503,584.3187552098542,247.05936817034566
Selgan,73.48480649781587,77.94643877366578,158.40392891814793,103.2783913965432
octgan,98.8943411221215,100.02245951807183,150.61275291844186,116.50985118621173
VAE,134.93374284084035,102.81252349397549,240.30694804957776,159.35107146146456
