,XGB,RF,SVM,avg
Origin,0.8422694657054393,0.8811843727556069,0.3739134148819114,0.6991224177809858
CTGAN,0.43016540949387855,0.43972466150296513,0.3902874664336268,0.42005917914349017
Selgan,0.4836926893625879,0.47149495592792223,0.42690422613918977,0.46069729047656666
octgan,0.2963455786695438,0.2935830906823825,0.38122007590763485,0.32371624841985375
VAE,0.5926968685456991,0.5812856177386615,0.5415399405710499,0.5718408089518036
