,XGB,RF,SVM,avg
Origin,4003.387038553589,4636.193794335866,5047.089884170969,4562.223572353475
CTGAN,50147.98992988759,42154.90266776152,55375.20385815338,49226.03215193416
Selgan,33777.83705528771,33564.2496979208,51111.8190743956,39484.63527586804
octgan,86692.13197965776,65031.599075516315,54449.138289653485,68724.28978160919
tablegan,51497.96537995496,51945.542465815844,70854.45256214599,58099.320135972266
VAE,64809.65745621317,54245.30946776191,38176.19172684852,52410.3862169412
