,XGB,RF,SVM,avg
Origin,0.999726917573616,0.999726917573616,0.9981925749737967,0.999215470040343
CTGAN,0.9710120870458407,0.9710120870458407,0.7996829576137856,0.9139023772351557
Selgan,0.9860198988004598,0.9840920505120124,0.9944955924167622,0.9882025139097449
octgan,0.9395318352059925,0.9395318352059925,0.9327434456928838,0.9372690387016229
tablegan,0.0,0.0,0.39206209001568204,0.13068736333856068
VAE,0.9395318352059925,0.9395318352059925,0.9360205992509363,0.9383614232209738
