,XGB,RF,SVM,avg
Origin,0.9997659176029963,0.9997659176029963,0.9971910112359551,0.9989076154806492
CTGAN,0.9445224719101124,0.9445224719101124,0.6669007490636704,0.8519818976279651
Selgan,0.973314606741573,0.9695692883895131,0.989934456928839,0.9776061173533083
octgan,0.9695318352059925,0.9695318352059925,0.9627434456928838,0.967269038701623
tablegan,0.0,0.0,0.24414794007490637,0.08138264669163546
VAE,0.9695318352059925,0.9695318352059925,0.9660205992509363,0.9683614232209738
