,XGB,RF,SVM,avg
Origin,0.9902463634070462,0.9748591608509207,0.9335743714790212,0.9481610331007035
CTGAN,0.9451778357016732,0.9454300849239048,0.9454300849239048,0.9453460018498276
Selgan,0.9453460018498276,0.9454300849239048,0.9216951147733962,0.9372820671823763
octgan,0.9619944505171109,0.9497183217018415,0.44286555116455056,0.7848594411278343
VAE,0.9515681493315395,0.9476162448499117,0.8954006558479778,0.9315283500098097
