,XGB,RF,SVM,avg
Origin,0.9899755240361365,0.9713560276079583,0.9305139502870295,0.963875258456208
CTGAN,0.9187844371599908,0.9189104788766379,0.9189104788766379,0.9188684649710889
Selgan,0.919033564653365,0.9189104788766379,0.9273915965085071,0.92177529147117
octgan,0.9552165129911191,0.9288920887675715,0.5657838178529913,0.8166308065372272
VAE,0.894111217330679,0.9250146783826422,0.8987128559362222,0.9060113547165145
