,XGB,RF,SVM,avg
Origin,15.7771712,13.847009600914413,12.48857242619467,14.037584409036363
CTGAN,12.4814888,12.457723124340166,12.92913135655943,12.622781093633199
Selgan,12.1011536,12.120176737994122,12.634921201381088,12.285417179791736
octgan,12.4166104,12.518419806132425,197.76813397213851,74.23438805942365
VAE,13.6109328,12.382073330481775,12.336892382757577,12.77663283774645
