,XGB,RF,SVM,avg
Origin,0.9990095238095238,0.9976374020579628,0.9650121580012316,0.987219694622906
CTGAN,0.6982628881237529,0.704550741666199,0.5227474030048127,0.6418536775982548
Selgan,0.9528470000098214,0.9774732474748513,0.5452122097890578,0.8251774857579103
VAE,0.788091835630226,0.8724587127643153,0.8736158093577447,0.844722119250762
