,XGB,RF,SVM,avg
Origin,0.9993333333333333,0.998,0.9586666666666667,0.9853333333333333
CTGAN,0.7206666666666667,0.732,0.8440000000000001,0.7380555555555556
Selgan,0.9553333333333334,0.9833333333333333,0.9133333333333333,0.9231666666666668
VAE,0.8033333333333333,0.88,0.876,0.8531111111111112
