,XGB,RF,SVM,avg
Origin,65.3943084398012,58.996179485911064,64.62796280768578,63.00615024446601
CTGAN,52.9051622077683,50.67644906666663,47.298738882163015,50.29345005219931
Selgan,51.78048171843976,61.82950590309244,56.18280973618251,56.598006020279904
VAE,53.696260800000005,53.696260800000005,53.696260800000005,53.696260800000005
