workclass,education,marital-status,occupation,relationship,race,sex,native-country
0.00354006174939115,0.010454192528626859,0.0022047412562368855,0.007153254181777459,0.0014482527817775122,0.0031873132794305093,0.0006120833615339373,0.03762455855175496
0.0021714512549858935,0.009742923104982,0.0020144728034487353,0.00905389713101701,0.0015536737200474184,0.002922209385091884,8.485602470072641e-06,0.037840451821100164
0.002909813543673261,0.00977060919173768,0.0026739723296728673,0.007039164981432831,0.0013649964001572151,0.003023946525082868,0.000299049517327311,0.04804923891116584
0.0012995054617203404,0.005046541259230541,0.001452422249579175,0.004441927009567477,0.0019928215673315408,0.003155652084763904,0.00012513894823963867,0.03788077140784976
0.0,0.0027440878510121393,0.0019390010765102563,0.0035608318597686595,0.0017022074880414344,0.0,1.005615437190566e-05,0.0
0.003643630051069944,0.00839722551953588,0.002860219552029834,0.007775953255625018,0.002447929403178137,0.0026545212741955573,5.073225363315463e-05,0.024968176292131945
0.0024504357980150416,0.010305032294564276,0.0012179973113160126,0.004444755368059306,0.0010741064493462536,0.0010952919877154094,3.389033842960869e-05,0.016274681010661488
0.0021940639218264064,0.007941169765218192,0.0034953020762008573,0.006559617286395139,0.0020088718310773534,0.0029741879754200265,3.094570196345309e-05,0.016718019228424863
