slope,wild_area,soil_type,cover_type
1.0,1.0,1.0,1.0000000000000007
0.04321716437741237,0.0007908949347792713,0.035185253043699447,0.002897443187498153
0.06149511217481273,0.0008359490640408382,0.03379725175498816,0.002019020821670217
0.565828775044471,0.00080609101165872,0.03295239072590825,0.0019230175825234214
0.3944651561319454,0.0007054210166684356,0.016428065060351785,0.0015922560512083254
0.033063034660360216,0.00039158880189626375,0.030210577695617077,0.0013649110194643614
0.040005719065396406,0.0004226284200933573,0.035754774247764055,0.0031109374655535404
0.03987898031081408,0.00040725259045190214,0.030873911402116518,0.0031472490616421306
