DestState,DestStateName,DestWac,AirportGroup
1.0,1.0,1.0,1.0
0.1285703945454258,0.13466863572696572,0.12815174361263024,0.8342726550777907
0.09248301041795139,0.09007336279135865,0.09501949590745369,0.7036959911281019
0.0,0.0,0.0,0.0
0.02646076718781194,0.02646076718781194,0.026248486943080077,0.22023318840107428
0.10100920006679054,0.10905913081503878,0.09810769085292638,0.7108981742076355
0.0906565950787243,0.08323256791808288,0.1024167415864904,0.6544793642245205
0.09021465052988042,0.07729393966525792,0.08448118702191082,0.6873861843315692
