{"strong_num": 7.872022148720447, "weak_num": 10.586765549204086, "strong_cate": 0.7247247099876404, "weak_cate": 0.24611914157867432}